{
  "commandBanned": {},
  "envGlobal": {
    "weatherApiKey": "d7e795ae6a0d44aaa8abb1a0a7ac19e4",
    "goatbotApikey": ""
  },
  "envCommands": {
    "daily": {
      "rewardFirstDay": {
        "coin": 100,
        "exp": 10
      }
    },
    "notification": {
      "delayPerGroup": 250
    },
    "rank": {
      "deltaNext": 5
    },
    "rankup": {
      "deltaNext": 5
    },
    "appstore": {
      "limitResult": 3
    },
    "dhbc": {
      "reward": 1000
    }
  },
  "envEvents": {
    "logsbot": {
      "allow": true
    }
  },
  "commandUnload": [
    "alldl.js"
  ]
}